Operation #,Ignore,Datetime,Amount In,Amount Out,Amount currency,Description,Counterparty address,Counterparty name,Transaction hash,Blockchain,Wallet,transfer_from,transfer_to,transfer_amount,token_address,token_symbol,token_name,transfer_type,call,tx_hash,block_number,from_alias,to_alias,timestamp
1,FALSE,11/14/2024 18:23:24,,6465845293408,ETH,Transaction,0x01176a1bd84444c89232ec27754698e5d2e7e1a7f1539f12027f28b23ec9f3d8,Starknet Protocol,0x0069f7e54edb7022555f2759df008fd82afc54b51e50016dcb4e69171ebca186,Starknet,0x035b6530ef09e227ca9f92efb66df12d0da9fface35ecd53b53a918c7d4eaa75,0x035b6530ef09e227ca9f92efb66df12d0da9fface35ecd53b53a918c7d4eaa75,0x01176a1bd84444c89232ec27754698e5d2e7e1a7f1539f12027f28b23ec9f3d8,6465845293408,0x049d36570d4e46f48e99674bd3fcc84644ddd6b96f7c741b1562b82f9e004dc7,ETH,Ether,transfer,transfer,0x0069f7e54edb7022555f2759df008fd82afc54b51e50016dcb4e69171ebca186,899466,,,2024-11-14T18:23:24.000Z
2,FALSE,11/14/2024 18:23:24,10110582893,,iUSDC-c,Transaction,0x0000000000000000000000000000000000000000000000000000000000000000,Starknet Protocol,0x0069f7e54edb7022555f2759df008fd82afc54b51e50016dcb4e69171ebca186,Starknet,0x035b6530ef09e227ca9f92efb66df12d0da9fface35ecd53b53a918c7d4eaa75,0x0000000000000000000000000000000000000000000000000000000000000000,0x035b6530ef09e227ca9f92efb66df12d0da9fface35ecd53b53a918c7d4eaa75,10110582893,0x05dcd26c25d9d8fd9fc860038dcb6e4d835e524eb8a85213a8cda5b7fff845f6,iUSDC-c,Nostra USDC Interest Collat.,transfer,transfer,0x0069f7e54edb7022555f2759df008fd82afc54b51e50016dcb4e69171ebca186,899466,,,2024-11-14T18:23:24.000Z
3,FALSE,11/14/2024 18:23:24,,10578767010,USDC,Transaction,0x059a943ca214c10234b9a3b61c558ac20c005127d183b86a99a8f3c60a08b4ff,Starknet Protocol,0x0069f7e54edb7022555f2759df008fd82afc54b51e50016dcb4e69171ebca186,Starknet,0x035b6530ef09e227ca9f92efb66df12d0da9fface35ecd53b53a918c7d4eaa75,0x035b6530ef09e227ca9f92efb66df12d0da9fface35ecd53b53a918c7d4eaa75,0x059a943ca214c10234b9a3b61c558ac20c005127d183b86a99a8f3c60a08b4ff,10578767010,0x053c91253bc9682c04929ca02ed00b3e423f6710d2ee7e0d5ebb06f3ecf368a8,USDC,USD Coin,transfer,transfer,0x0069f7e54edb7022555f2759df008fd82afc54b51e50016dcb4e69171ebca186,899466,,,2024-11-14T18:23:24.000Z
4,FALSE,11/14/2024 18:22:53,,4748800293228,ETH,Transaction,0x01176a1bd84444c89232ec27754698e5d2e7e1a7f1539f12027f28b23ec9f3d8,Starknet Protocol,0x003768757a3b227db479fcb320502640a93601223f321561a1562f86ee3aa379,Starknet,0x035b6530ef09e227ca9f92efb66df12d0da9fface35ecd53b53a918c7d4eaa75,0x035b6530ef09e227ca9f92efb66df12d0da9fface35ecd53b53a918c7d4eaa75,0x01176a1bd84444c89232ec27754698e5d2e7e1a7f1539f12027f28b23ec9f3d8,4748800293228,0x049d36570d4e46f48e99674bd3fcc84644ddd6b96f7c741b1562b82f9e004dc7,ETH,Ether,transfer,transfer,0x003768757a3b227db479fcb320502640a93601223f321561a1562f86ee3aa379,899465,,,2024-11-14T18:22:53.000Z
5,FALSE,11/14/2024 18:22:53,10577871327,,USDC,Transaction,0x00000005dd3d2f4429af886cd1a3b08289dbcea99a294197e9eb43b0e0325b4b,Starknet Protocol,0x003768757a3b227db479fcb320502640a93601223f321561a1562f86ee3aa379,Starknet,0x035b6530ef09e227ca9f92efb66df12d0da9fface35ecd53b53a918c7d4eaa75,0x00000005dd3d2f4429af886cd1a3b08289dbcea99a294197e9eb43b0e0325b4b,0x035b6530ef09e227ca9f92efb66df12d0da9fface35ecd53b53a918c7d4eaa75,10577871327,0x053c91253bc9682c04929ca02ed00b3e423f6710d2ee7e0d5ebb06f3ecf368a8,USDC,USD Coin,transfer,transfer,0x003768757a3b227db479fcb320502640a93601223f321561a1562f86ee3aa379,899465,,,2024-11-14T18:22:53.000Z
6,FALSE,11/14/2024 18:22:53,835667,,USDT,Transaction,0x00000005dd3d2f4429af886cd1a3b08289dbcea99a294197e9eb43b0e0325b4b,Starknet Protocol,0x003768757a3b227db479fcb320502640a93601223f321561a1562f86ee3aa379,Starknet,0x035b6530ef09e227ca9f92efb66df12d0da9fface35ecd53b53a918c7d4eaa75,0x00000005dd3d2f4429af886cd1a3b08289dbcea99a294197e9eb43b0e0325b4b,0x035b6530ef09e227ca9f92efb66df12d0da9fface35ecd53b53a918c7d4eaa75,835667,0x068f5c6a61780768455de69077e07e89787839bf8166decfbf92b645209c0fb8,USDT,Tether USD,transfer,transfer,0x003768757a3b227db479fcb320502640a93601223f321561a1562f86ee3aa379,899465,,,2024-11-14T18:22:53.000Z
7,FALSE,11/14/2024 18:22:53,895683,,USDC,Transaction,0x00000005dd3d2f4429af886cd1a3b08289dbcea99a294197e9eb43b0e0325b4b,Starknet Protocol,0x003768757a3b227db479fcb320502640a93601223f321561a1562f86ee3aa379,Starknet,0x035b6530ef09e227ca9f92efb66df12d0da9fface35ecd53b53a918c7d4eaa75,0x00000005dd3d2f4429af886cd1a3b08289dbcea99a294197e9eb43b0e0325b4b,0x035b6530ef09e227ca9f92efb66df12d0da9fface35ecd53b53a918c7d4eaa75,895683,0x053c91253bc9682c04929ca02ed00b3e423f6710d2ee7e0d5ebb06f3ecf368a8,USDC,USD Coin,transfer,transfer,0x003768757a3b227db479fcb320502640a93601223f321561a1562f86ee3aa379,899465,,,2024-11-14T18:22:53.000Z
8,FALSE,11/11/2024 22:57:34,,14596520748584,ETH,Transaction,0x01176a1bd84444c89232ec27754698e5d2e7e1a7f1539f12027f28b23ec9f3d8,Starknet Protocol,0x069e7fe306a01d2e5126226d7869f5b6f6d3c2991b15fd7a52ae9f21d2b24d9d,Starknet,0x035b6530ef09e227ca9f92efb66df12d0da9fface35ecd53b53a918c7d4eaa75,0x035b6530ef09e227ca9f92efb66df12d0da9fface35ecd53b53a918c7d4eaa75,0x01176a1bd84444c89232ec27754698e5d2e7e1a7f1539f12027f28b23ec9f3d8,14596520748584,0x049d36570d4e46f48e99674bd3fcc84644ddd6b96f7c741b1562b82f9e004dc7,ETH,Ether,transfer,transfer,0x069e7fe306a01d2e5126226d7869f5b6f6d3c2991b15fd7a52ae9f21d2b24d9d,891655,,,2024-11-11T22:57:34.000Z
9,FALSE,11/11/2024 22:57:34,1921898911062721376,,iETH-c,Transaction,0x0000000000000000000000000000000000000000000000000000000000000000,Starknet Protocol,0x069e7fe306a01d2e5126226d7869f5b6f6d3c2991b15fd7a52ae9f21d2b24d9d,Starknet,0x035b6530ef09e227ca9f92efb66df12d0da9fface35ecd53b53a918c7d4eaa75,0x0000000000000000000000000000000000000000000000000000000000000000,0x035b6530ef09e227ca9f92efb66df12d0da9fface35ecd53b53a918c7d4eaa75,1921898911062721376,0x057146f6409deb4c9fa12866915dd952aa07c1eb2752e451d7f3b042086bdeb8,iETH-c,Nostra ETH Interest Collat.,transfer,transfer,0x069e7fe306a01d2e5126226d7869f5b6f6d3c2991b15fd7a52ae9f21d2b24d9d,891655,,,2024-11-11T22:57:34.000Z
10,FALSE,11/11/2024 22:57:34,,1933709955845324367,ETH,Transaction,0x059a943ca214c10234b9a3b61c558ac20c005127d183b86a99a8f3c60a08b4ff,Starknet Protocol,0x069e7fe306a01d2e5126226d7869f5b6f6d3c2991b15fd7a52ae9f21d2b24d9d,Starknet,0x035b6530ef09e227ca9f92efb66df12d0da9fface35ecd53b53a918c7d4eaa75,0x035b6530ef09e227ca9f92efb66df12d0da9fface35ecd53b53a918c7d4eaa75,0x059a943ca214c10234b9a3b61c558ac20c005127d183b86a99a8f3c60a08b4ff,1933709955845324367,0x049d36570d4e46f48e99674bd3fcc84644ddd6b96f7c741b1562b82f9e004dc7,ETH,Ether,transfer,transfer,0x069e7fe306a01d2e5126226d7869f5b6f6d3c2991b15fd7a52ae9f21d2b24d9d,891655,,,2024-11-11T22:57:34.000Z
11,FALSE,11/11/2024 22:57:03,,176452418479428,ETH,Transaction,0x01176a1bd84444c89232ec27754698e5d2e7e1a7f1539f12027f28b23ec9f3d8,Starknet Protocol,0x023fc54f9213ec9457ca0d42a6c1da1d3b035599cbed3e2dbe684f2010debfe3,Starknet,0x035b6530ef09e227ca9f92efb66df12d0da9fface35ecd53b53a918c7d4eaa75,0x035b6530ef09e227ca9f92efb66df12d0da9fface35ecd53b53a918c7d4eaa75,0x01176a1bd84444c89232ec27754698e5d2e7e1a7f1539f12027f28b23ec9f3d8,176452418479428,0x049d36570d4e46f48e99674bd3fcc84644ddd6b96f7c741b1562b82f9e004dc7,ETH,Ether,transfer,transfer,0x023fc54f9213ec9457ca0d42a6c1da1d3b035599cbed3e2dbe684f2010debfe3,891654,,,2024-11-11T22:57:03.000Z
12,FALSE,11/11/2024 22:57:03,1584031239899975561,,ETH,Transaction,0x040784ffdde08057a5957e64ed360c0ae4e04117b6d8e351c6bb912c09c5cbf5,Starknet Protocol,0x023fc54f9213ec9457ca0d42a6c1da1d3b035599cbed3e2dbe684f2010debfe3,Starknet,0x035b6530ef09e227ca9f92efb66df12d0da9fface35ecd53b53a918c7d4eaa75,0x040784ffdde08057a5957e64ed360c0ae4e04117b6d8e351c6bb912c09c5cbf5,0x035b6530ef09e227ca9f92efb66df12d0da9fface35ecd53b53a918c7d4eaa75,1584031239899975561,0x049d36570d4e46f48e99674bd3fcc84644ddd6b96f7c741b1562b82f9e004dc7,ETH,Ether,transfer,transfer,0x023fc54f9213ec9457ca0d42a6c1da1d3b035599cbed3e2dbe684f2010debfe3,891654,,,2024-11-11T22:57:03.000Z
13,FALSE,11/11/2024 22:57:03,,10000000000000000000000,STRK,Transaction,0x01a2de9f2895ac4e6cb80c11ecc07ce8062a4ae883f64cb2b1dc6724b85e897d,Starknet Protocol,0x023fc54f9213ec9457ca0d42a6c1da1d3b035599cbed3e2dbe684f2010debfe3,Starknet,0x035b6530ef09e227ca9f92efb66df12d0da9fface35ecd53b53a918c7d4eaa75,0x035b6530ef09e227ca9f92efb66df12d0da9fface35ecd53b53a918c7d4eaa75,0x01a2de9f2895ac4e6cb80c11ecc07ce8062a4ae883f64cb2b1dc6724b85e897d,10000000000000000000000,0x04718f5a0fc34cc1af16a1cdee98ffb20c31f5cd61d6ab07201858f4287c938d,STRK,Starknet Token,transfer,transfer,0x023fc54f9213ec9457ca0d42a6c1da1d3b035599cbed3e2dbe684f2010debfe3,891654,,,2024-11-11T22:57:03.000Z
14,FALSE,11/11/2024 22:56:31,,38525323018820,ETH,Transaction,0x01176a1bd84444c89232ec27754698e5d2e7e1a7f1539f12027f28b23ec9f3d8,Starknet Protocol,0x04eca6603ba5d7a337a9c31eab755af03eeae5c0155d617898c29850dd855a84,Starknet,0x035b6530ef09e227ca9f92efb66df12d0da9fface35ecd53b53a918c7d4eaa75,0x035b6530ef09e227ca9f92efb66df12d0da9fface35ecd53b53a918c7d4eaa75,0x01176a1bd84444c89232ec27754698e5d2e7e1a7f1539f12027f28b23ec9f3d8,38525323018820,0x049d36570d4e46f48e99674bd3fcc84644ddd6b96f7c741b1562b82f9e004dc7,ETH,Ether,transfer,transfer,0x04eca6603ba5d7a337a9c31eab755af03eeae5c0155d617898c29850dd855a84,891653,,,2024-11-11T22:56:31.000Z
15,FALSE,11/11/2024 22:56:31,9851023076681489645503,,dSTRK,Transaction,0x0000000000000000000000000000000000000000000000000000000000000000,Starknet Protocol,0x04eca6603ba5d7a337a9c31eab755af03eeae5c0155d617898c29850dd855a84,Starknet,0x035b6530ef09e227ca9f92efb66df12d0da9fface35ecd53b53a918c7d4eaa75,0x0000000000000000000000000000000000000000000000000000000000000000,0x035b6530ef09e227ca9f92efb66df12d0da9fface35ecd53b53a918c7d4eaa75,9851023076681489645503,0x001258eae3eae5002125bebf062d611a772e8aea3a1879b64a19f363ebd00947,dSTRK,Nostra STRK Debt,transfer,transfer,0x04eca6603ba5d7a337a9c31eab755af03eeae5c0155d617898c29850dd855a84,891653,,,2024-11-11T22:56:31.000Z
16,FALSE,11/11/2024 22:56:31,10000000000000000000000,,STRK,Transaction,0x059a943ca214c10234b9a3b61c558ac20c005127d183b86a99a8f3c60a08b4ff,Starknet Protocol,0x04eca6603ba5d7a337a9c31eab755af03eeae5c0155d617898c29850dd855a84,Starknet,0x035b6530ef09e227ca9f92efb66df12d0da9fface35ecd53b53a918c7d4eaa75,0x059a943ca214c10234b9a3b61c558ac20c005127d183b86a99a8f3c60a08b4ff,0x035b6530ef09e227ca9f92efb66df12d0da9fface35ecd53b53a918c7d4eaa75,10000000000000000000000,0x04718f5a0fc34cc1af16a1cdee98ffb20c31f5cd61d6ab07201858f4287c938d,STRK,Starknet Token,transfer,transfer,0x04eca6603ba5d7a337a9c31eab755af03eeae5c0155d617898c29850dd855a84,891653,,,2024-11-11T22:56:31.000Z
17,FALSE,11/11/2024 22:53:29,,112421230494208,ETH,Transaction,0x01176a1bd84444c89232ec27754698e5d2e7e1a7f1539f12027f28b23ec9f3d8,Starknet Protocol,0x03d78d9eae288fb180a8eb00e644f49164accf98787421be185b5008ad757f16,Starknet,0x035b6530ef09e227ca9f92efb66df12d0da9fface35ecd53b53a918c7d4eaa75,0x035b6530ef09e227ca9f92efb66df12d0da9fface35ecd53b53a918c7d4eaa75,0x01176a1bd84444c89232ec27754698e5d2e7e1a7f1539f12027f28b23ec9f3d8,112421230494208,0x049d36570d4e46f48e99674bd3fcc84644ddd6b96f7c741b1562b82f9e004dc7,ETH,Ether,transfer,transfer,0x03d78d9eae288fb180a8eb00e644f49164accf98787421be185b5008ad757f16,891647,,,2024-11-11T22:53:29.000Z
18,FALSE,11/11/2024 22:53:29,350101430238729229,,ETH,Transaction,0x04270219d365d6b017231b52e92b3fb5d7c8378b05e9abc97724537a80e93b0f,Starknet Protocol,0x03d78d9eae288fb180a8eb00e644f49164accf98787421be185b5008ad757f16,Starknet,0x035b6530ef09e227ca9f92efb66df12d0da9fface35ecd53b53a918c7d4eaa75,0x04270219d365d6b017231b52e92b3fb5d7c8378b05e9abc97724537a80e93b0f,0x035b6530ef09e227ca9f92efb66df12d0da9fface35ecd53b53a918c7d4eaa75,350101430238729229,0x049d36570d4e46f48e99674bd3fcc84644ddd6b96f7c741b1562b82f9e004dc7,ETH,Ether,transfer,transfer,0x03d78d9eae288fb180a8eb00e644f49164accf98787421be185b5008ad757f16,891647,,,2024-11-11T22:53:29.000Z
19,FALSE,11/11/2024 22:53:29,,2209000000000000000000,STRK,Transaction,0x04270219d365d6b017231b52e92b3fb5d7c8378b05e9abc97724537a80e93b0f,Starknet Protocol,0x03d78d9eae288fb180a8eb00e644f49164accf98787421be185b5008ad757f16,Starknet,0x035b6530ef09e227ca9f92efb66df12d0da9fface35ecd53b53a918c7d4eaa75,0x035b6530ef09e227ca9f92efb66df12d0da9fface35ecd53b53a918c7d4eaa75,0x04270219d365d6b017231b52e92b3fb5d7c8378b05e9abc97724537a80e93b0f,2209000000000000000000,0x04718f5a0fc34cc1af16a1cdee98ffb20c31f5cd61d6ab07201858f4287c938d,STRK,Starknet Token,transfer,transfer,0x03d78d9eae288fb180a8eb00e644f49164accf98787421be185b5008ad757f16,891647,,,2024-11-11T22:53:29.000Z
20,FALSE,11/11/2024 22:50:56,,10645436827076,ETH,Transaction,0x01176a1bd84444c89232ec27754698e5d2e7e1a7f1539f12027f28b23ec9f3d8,Starknet Protocol,0x002e0531f707cf92a2b566cdbfbb5ebef8299f06e91d6a4e40d4146e4981e207,Starknet,0x035b6530ef09e227ca9f92efb66df12d0da9fface35ecd53b53a918c7d4eaa75,0x035b6530ef09e227ca9f92efb66df12d0da9fface35ecd53b53a918c7d4eaa75,0x01176a1bd84444c89232ec27754698e5d2e7e1a7f1539f12027f28b23ec9f3d8,10645436827076,0x049d36570d4e46f48e99674bd3fcc84644ddd6b96f7c741b1562b82f9e004dc7,ETH,Ether,transfer,transfer,0x002e0531f707cf92a2b566cdbfbb5ebef8299f06e91d6a4e40d4146e4981e207,891642,,,2024-11-11T22:50:56.000Z
21,FALSE,11/11/2024 22:50:56,1315760970374005967373,,STRK,Transaction,0x07391abf66d5968f701ea51e6c741c5611e519ecb18b7ef52799323bfaf1375b,Starknet Protocol,0x002e0531f707cf92a2b566cdbfbb5ebef8299f06e91d6a4e40d4146e4981e207,Starknet,0x035b6530ef09e227ca9f92efb66df12d0da9fface35ecd53b53a918c7d4eaa75,0x07391abf66d5968f701ea51e6c741c5611e519ecb18b7ef52799323bfaf1375b,0x035b6530ef09e227ca9f92efb66df12d0da9fface35ecd53b53a918c7d4eaa75,1315760970374005967373,0x04718f5a0fc34cc1af16a1cdee98ffb20c31f5cd61d6ab07201858f4287c938d,STRK,Starknet Token,transfer,transfer,0x002e0531f707cf92a2b566cdbfbb5ebef8299f06e91d6a4e40d4146e4981e207,891642,,,2024-11-11T22:50:56.000Z
22,FALSE,11/11/2024 22:50:56,894020235673355504235,,STRK,Transaction,0x07e8ed38f43d6033d7135979b4173dc734786953ddfe3e8d8328d14cb7eb1502,Starknet Protocol,0x002e0531f707cf92a2b566cdbfbb5ebef8299f06e91d6a4e40d4146e4981e207,Starknet,0x035b6530ef09e227ca9f92efb66df12d0da9fface35ecd53b53a918c7d4eaa75,0x07e8ed38f43d6033d7135979b4173dc734786953ddfe3e8d8328d14cb7eb1502,0x035b6530ef09e227ca9f92efb66df12d0da9fface35ecd53b53a918c7d4eaa75,894020235673355504235,0x04718f5a0fc34cc1af16a1cdee98ffb20c31f5cd61d6ab07201858f4287c938d,STRK,Starknet Token,transfer,transfer,0x002e0531f707cf92a2b566cdbfbb5ebef8299f06e91d6a4e40d4146e4981e207,891642,,,2024-11-11T22:50:56.000Z
23,FALSE,11/04/2024 11:12:20,,2575595555504,ETH,Transaction,0x01176a1bd84444c89232ec27754698e5d2e7e1a7f1539f12027f28b23ec9f3d8,Starknet Protocol,0x00074949c5223a3e902527e61fc35d441c014edaeb5da03dc766c32cc52ea7f7,Starknet,0x035b6530ef09e227ca9f92efb66df12d0da9fface35ecd53b53a918c7d4eaa75,0x035b6530ef09e227ca9f92efb66df12d0da9fface35ecd53b53a918c7d4eaa75,0x01176a1bd84444c89232ec27754698e5d2e7e1a7f1539f12027f28b23ec9f3d8,2575595555504,0x049d36570d4e46f48e99674bd3fcc84644ddd6b96f7c741b1562b82f9e004dc7,ETH,Ether,transfer,transfer,0x00074949c5223a3e902527e61fc35d441c014edaeb5da03dc766c32cc52ea7f7,871100,,,2024-11-04T11:12:20.000Z
24,FALSE,11/04/2024 11:12:20,,2260060650932940235432,STRK,Transaction,0x059a943ca214c10234b9a3b61c558ac20c005127d183b86a99a8f3c60a08b4ff,Starknet Protocol,0x00074949c5223a3e902527e61fc35d441c014edaeb5da03dc766c32cc52ea7f7,Starknet,0x035b6530ef09e227ca9f92efb66df12d0da9fface35ecd53b53a918c7d4eaa75,0x035b6530ef09e227ca9f92efb66df12d0da9fface35ecd53b53a918c7d4eaa75,0x059a943ca214c10234b9a3b61c558ac20c005127d183b86a99a8f3c60a08b4ff,2260060650932940235432,0x04718f5a0fc34cc1af16a1cdee98ffb20c31f5cd61d6ab07201858f4287c938d,STRK,Starknet Token,transfer,transfer,0x00074949c5223a3e902527e61fc35d441c014edaeb5da03dc766c32cc52ea7f7,871100,,,2024-11-04T11:12:20.000Z
25,FALSE,11/04/2024 11:12:20,,2226596375765898069275,dSTRK,Transaction,0x0000000000000000000000000000000000000000000000000000000000000000,Starknet Protocol,0x00074949c5223a3e902527e61fc35d441c014edaeb5da03dc766c32cc52ea7f7,Starknet,0x035b6530ef09e227ca9f92efb66df12d0da9fface35ecd53b53a918c7d4eaa75,0x035b6530ef09e227ca9f92efb66df12d0da9fface35ecd53b53a918c7d4eaa75,0x0000000000000000000000000000000000000000000000000000000000000000,2226596375765898069275,0x001258eae3eae5002125bebf062d611a772e8aea3a1879b64a19f363ebd00947,dSTRK,Nostra STRK Debt,transfer,transfer,0x00074949c5223a3e902527e61fc35d441c014edaeb5da03dc766c32cc52ea7f7,871100,,,2024-11-04T11:12:20.000Z
26,FALSE,11/04/2024 11:11:48,,1119666551920,ETH,Transaction,0x01176a1bd84444c89232ec27754698e5d2e7e1a7f1539f12027f28b23ec9f3d8,Starknet Protocol,0x0526c73e789d14bfd6993d0e4497877a729a0be96a218087446ad2cdc60b048b,Starknet,0x035b6530ef09e227ca9f92efb66df12d0da9fface35ecd53b53a918c7d4eaa75,0x035b6530ef09e227ca9f92efb66df12d0da9fface35ecd53b53a918c7d4eaa75,0x01176a1bd84444c89232ec27754698e5d2e7e1a7f1539f12027f28b23ec9f3d8,1119666551920,0x049d36570d4e46f48e99674bd3fcc84644ddd6b96f7c741b1562b82f9e004dc7,ETH,Ether,transfer,transfer,0x0526c73e789d14bfd6993d0e4497877a729a0be96a218087446ad2cdc60b048b,871099,,,2024-11-04T11:11:48.000Z
27,FALSE,11/04/2024 11:11:48,1316954009923412871103,,STRK,Transaction,0x042591da0495da70ccf14253617cba29483c4cd9bacc4822d6adc4ddd24ccf62,Starknet Protocol,0x0526c73e789d14bfd6993d0e4497877a729a0be96a218087446ad2cdc60b048b,Starknet,0x035b6530ef09e227ca9f92efb66df12d0da9fface35ecd53b53a918c7d4eaa75,0x042591da0495da70ccf14253617cba29483c4cd9bacc4822d6adc4ddd24ccf62,0x035b6530ef09e227ca9f92efb66df12d0da9fface35ecd53b53a918c7d4eaa75,1316954009923412871103,0x04718f5a0fc34cc1af16a1cdee98ffb20c31f5cd61d6ab07201858f4287c938d,STRK,Starknet Token,transfer,transfer,0x0526c73e789d14bfd6993d0e4497877a729a0be96a218087446ad2cdc60b048b,871099,,,2024-11-04T11:11:48.000Z
28,FALSE,11/04/2024 11:11:48,939331664920515239186,,STRK,Transaction,0x01e9a51d6e67d05405bca2b1e51e4d99f20c25ed623e8986a6695ec440c0272d,Starknet Protocol,0x0526c73e789d14bfd6993d0e4497877a729a0be96a218087446ad2cdc60b048b,Starknet,0x035b6530ef09e227ca9f92efb66df12d0da9fface35ecd53b53a918c7d4eaa75,0x01e9a51d6e67d05405bca2b1e51e4d99f20c25ed623e8986a6695ec440c0272d,0x035b6530ef09e227ca9f92efb66df12d0da9fface35ecd53b53a918c7d4eaa75,939331664920515239186,0x04718f5a0fc34cc1af16a1cdee98ffb20c31f5cd61d6ab07201858f4287c938d,STRK,Starknet Token,transfer,transfer,0x0526c73e789d14bfd6993d0e4497877a729a0be96a218087446ad2cdc60b048b,871099,,,2024-11-04T11:11:48.000Z
29,FALSE,10/29/2024 16:04:13,,8017196354464,ETH,Transaction,0x01176a1bd84444c89232ec27754698e5d2e7e1a7f1539f12027f28b23ec9f3d8,Starknet Protocol,0x0360133c730b10b66b9a43a0d86c01dfd1ed08cb8365f7a7136788f53039c04c,Starknet,0x035b6530ef09e227ca9f92efb66df12d0da9fface35ecd53b53a918c7d4eaa75,0x035b6530ef09e227ca9f92efb66df12d0da9fface35ecd53b53a918c7d4eaa75,0x01176a1bd84444c89232ec27754698e5d2e7e1a7f1539f12027f28b23ec9f3d8,8017196354464,0x049d36570d4e46f48e99674bd3fcc84644ddd6b96f7c741b1562b82f9e004dc7,ETH,Ether,transfer,transfer,0x0360133c730b10b66b9a43a0d86c01dfd1ed08cb8365f7a7136788f53039c04c,848225,,,2024-10-29T16:04:13.000Z
30,FALSE,10/29/2024 16:04:13,745415355,,iUSDC-c,Transaction,0x0000000000000000000000000000000000000000000000000000000000000000,Starknet Protocol,0x0360133c730b10b66b9a43a0d86c01dfd1ed08cb8365f7a7136788f53039c04c,Starknet,0x035b6530ef09e227ca9f92efb66df12d0da9fface35ecd53b53a918c7d4eaa75,0x0000000000000000000000000000000000000000000000000000000000000000,0x035b6530ef09e227ca9f92efb66df12d0da9fface35ecd53b53a918c7d4eaa75,745415355,0x05dcd26c25d9d8fd9fc860038dcb6e4d835e524eb8a85213a8cda5b7fff845f6,iUSDC-c,Nostra USDC Interest Collat.,transfer,transfer,0x0360133c730b10b66b9a43a0d86c01dfd1ed08cb8365f7a7136788f53039c04c,848225,,,2024-10-29T16:04:13.000Z
31,FALSE,10/29/2024 16:04:13,,779149249,USDC,Transaction,0x059a943ca214c10234b9a3b61c558ac20c005127d183b86a99a8f3c60a08b4ff,Starknet Protocol,0x0360133c730b10b66b9a43a0d86c01dfd1ed08cb8365f7a7136788f53039c04c,Starknet,0x035b6530ef09e227ca9f92efb66df12d0da9fface35ecd53b53a918c7d4eaa75,0x035b6530ef09e227ca9f92efb66df12d0da9fface35ecd53b53a918c7d4eaa75,0x059a943ca214c10234b9a3b61c558ac20c005127d183b86a99a8f3c60a08b4ff,779149249,0x053c91253bc9682c04929ca02ed00b3e423f6710d2ee7e0d5ebb06f3ecf368a8,USDC,USD Coin,transfer,transfer,0x0360133c730b10b66b9a43a0d86c01dfd1ed08cb8365f7a7136788f53039c04c,848225,,,2024-10-29T16:04:13.000Z
32,FALSE,10/29/2024 16:01:19,,39645063403108,ETH,Transaction,0x01176a1bd84444c89232ec27754698e5d2e7e1a7f1539f12027f28b23ec9f3d8,Starknet Protocol,0x06b65b3043440d9a8452d79e1629adb165b6db7801e2ebc72dfbe5baeff910a5,Starknet,0x035b6530ef09e227ca9f92efb66df12d0da9fface35ecd53b53a918c7d4eaa75,0x035b6530ef09e227ca9f92efb66df12d0da9fface35ecd53b53a918c7d4eaa75,0x01176a1bd84444c89232ec27754698e5d2e7e1a7f1539f12027f28b23ec9f3d8,39645063403108,0x049d36570d4e46f48e99674bd3fcc84644ddd6b96f7c741b1562b82f9e004dc7,ETH,Ether,transfer,transfer,0x06b65b3043440d9a8452d79e1629adb165b6db7801e2ebc72dfbe5baeff910a5,848176,,,2024-10-29T16:01:19.000Z
33,FALSE,10/29/2024 16:01:19,779149249,,USDC,Transaction,0x04270219d365d6b017231b52e92b3fb5d7c8378b05e9abc97724537a80e93b0f,Starknet Protocol,0x06b65b3043440d9a8452d79e1629adb165b6db7801e2ebc72dfbe5baeff910a5,Starknet,0x035b6530ef09e227ca9f92efb66df12d0da9fface35ecd53b53a918c7d4eaa75,0x04270219d365d6b017231b52e92b3fb5d7c8378b05e9abc97724537a80e93b0f,0x035b6530ef09e227ca9f92efb66df12d0da9fface35ecd53b53a918c7d4eaa75,779149249,0x053c91253bc9682c04929ca02ed00b3e423f6710d2ee7e0d5ebb06f3ecf368a8,USDC,USD Coin,transfer,transfer,0x06b65b3043440d9a8452d79e1629adb165b6db7801e2ebc72dfbe5baeff910a5,848176,,,2024-10-29T16:01:19.000Z
34,FALSE,10/29/2024 16:01:19,,2000000000000000000000,STRK,Transaction,0x04270219d365d6b017231b52e92b3fb5d7c8378b05e9abc97724537a80e93b0f,Starknet Protocol,0x06b65b3043440d9a8452d79e1629adb165b6db7801e2ebc72dfbe5baeff910a5,Starknet,0x035b6530ef09e227ca9f92efb66df12d0da9fface35ecd53b53a918c7d4eaa75,0x035b6530ef09e227ca9f92efb66df12d0da9fface35ecd53b53a918c7d4eaa75,0x04270219d365d6b017231b52e92b3fb5d7c8378b05e9abc97724537a80e93b0f,2000000000000000000000,0x04718f5a0fc34cc1af16a1cdee98ffb20c31f5cd61d6ab07201858f4287c938d,STRK,Starknet Token,transfer,transfer,0x06b65b3043440d9a8452d79e1629adb165b6db7801e2ebc72dfbe5baeff910a5,848176,,,2024-10-29T16:01:19.000Z
35,FALSE,10/29/2024 15:58:48,,1660463115179,ETH,Transaction,0x01176a1bd84444c89232ec27754698e5d2e7e1a7f1539f12027f28b23ec9f3d8,Starknet Protocol,0x048365210f522b759b91fbb4944dcec220129cb5534d407fe87a9fc315b294ad,Starknet,0x035b6530ef09e227ca9f92efb66df12d0da9fface35ecd53b53a918c7d4eaa75,0x035b6530ef09e227ca9f92efb66df12d0da9fface35ecd53b53a918c7d4eaa75,0x01176a1bd84444c89232ec27754698e5d2e7e1a7f1539f12027f28b23ec9f3d8,1660463115179,0x049d36570d4e46f48e99674bd3fcc84644ddd6b96f7c741b1562b82f9e004dc7,ETH,Ether,transfer,transfer,0x048365210f522b759b91fbb4944dcec220129cb5534d407fe87a9fc315b294ad,848127,,,2024-10-29T15:58:48.000Z
36,FALSE,10/29/2024 15:58:48,0,,STRK,Transaction fee,0x04327da17a67e92dcd37619b927a7ee962c92a951dc42f78598c54bf77db467a,Starknet Protocol,0x048365210f522b759b91fbb4944dcec220129cb5534d407fe87a9fc315b294ad,Starknet,0x035b6530ef09e227ca9f92efb66df12d0da9fface35ecd53b53a918c7d4eaa75,0x04327da17a67e92dcd37619b927a7ee962c92a951dc42f78598c54bf77db467a,0x035b6530ef09e227ca9f92efb66df12d0da9fface35ecd53b53a918c7d4eaa75,0,0x04718f5a0fc34cc1af16a1cdee98ffb20c31f5cd61d6ab07201858f4287c938d,STRK,Starknet Token,fee_transfer,transfer,0x048365210f522b759b91fbb4944dcec220129cb5534d407fe87a9fc315b294ad,848127,,,2024-10-29T15:58:48.000Z
37,FALSE,10/29/2024 15:58:48,0,,STRK,Transaction fee,0x0476e3589c53f1f0223cfe5129c80a03a9f7d32a69f7d9da2b6f70686bf685dc,Starknet Protocol,0x048365210f522b759b91fbb4944dcec220129cb5534d407fe87a9fc315b294ad,Starknet,0x035b6530ef09e227ca9f92efb66df12d0da9fface35ecd53b53a918c7d4eaa75,0x0476e3589c53f1f0223cfe5129c80a03a9f7d32a69f7d9da2b6f70686bf685dc,0x035b6530ef09e227ca9f92efb66df12d0da9fface35ecd53b53a918c7d4eaa75,0,0x04718f5a0fc34cc1af16a1cdee98ffb20c31f5cd61d6ab07201858f4287c938d,STRK,Starknet Token,fee_transfer,transfer,0x048365210f522b759b91fbb4944dcec220129cb5534d407fe87a9fc315b294ad,848127,,,2024-10-29T15:58:48.000Z
38,FALSE,10/29/2024 15:57:42,,4922089458740,ETH,Transaction,0x01176a1bd84444c89232ec27754698e5d2e7e1a7f1539f12027f28b23ec9f3d8,Starknet Protocol,0x05f2396718dfedb9fdb04ff680d0cd080d23c28d1673bd2415a56fcd99718e40,Starknet,0x035b6530ef09e227ca9f92efb66df12d0da9fface35ecd53b53a918c7d4eaa75,0x035b6530ef09e227ca9f92efb66df12d0da9fface35ecd53b53a918c7d4eaa75,0x01176a1bd84444c89232ec27754698e5d2e7e1a7f1539f12027f28b23ec9f3d8,4922089458740,0x049d36570d4e46f48e99674bd3fcc84644ddd6b96f7c741b1562b82f9e004dc7,ETH,Ether,transfer,transfer,0x05f2396718dfedb9fdb04ff680d0cd080d23c28d1673bd2415a56fcd99718e40,848097,,,2024-10-29T15:57:42.000Z
39,FALSE,10/29/2024 15:57:42,1308133107603546559366,,STRK,Transaction,0x04327da17a67e92dcd37619b927a7ee962c92a951dc42f78598c54bf77db467a,Starknet Protocol,0x05f2396718dfedb9fdb04ff680d0cd080d23c28d1673bd2415a56fcd99718e40,Starknet,0x035b6530ef09e227ca9f92efb66df12d0da9fface35ecd53b53a918c7d4eaa75,0x04327da17a67e92dcd37619b927a7ee962c92a951dc42f78598c54bf77db467a,0x035b6530ef09e227ca9f92efb66df12d0da9fface35ecd53b53a918c7d4eaa75,1308133107603546559366,0x04718f5a0fc34cc1af16a1cdee98ffb20c31f5cd61d6ab07201858f4287c938d,STRK,Starknet Token,transfer,transfer,0x05f2396718dfedb9fdb04ff680d0cd080d23c28d1673bd2415a56fcd99718e40,848097,,,2024-10-29T15:57:42.000Z
40,FALSE,10/29/2024 15:57:42,695425783933235442319,,STRK,Transaction,0x0476e3589c53f1f0223cfe5129c80a03a9f7d32a69f7d9da2b6f70686bf685dc,Starknet Protocol,0x05f2396718dfedb9fdb04ff680d0cd080d23c28d1673bd2415a56fcd99718e40,Starknet,0x035b6530ef09e227ca9f92efb66df12d0da9fface35ecd53b53a918c7d4eaa75,0x0476e3589c53f1f0223cfe5129c80a03a9f7d32a69f7d9da2b6f70686bf685dc,0x035b6530ef09e227ca9f92efb66df12d0da9fface35ecd53b53a918c7d4eaa75,695425783933235442319,0x04718f5a0fc34cc1af16a1cdee98ffb20c31f5cd61d6ab07201858f4287c938d,STRK,Starknet Token,transfer,transfer,0x05f2396718dfedb9fdb04ff680d0cd080d23c28d1673bd2415a56fcd99718e40,848097,,,2024-10-29T15:57:42.000Z
41,FALSE,10/19/2024 10:10:56,,26867132423692,ETH,Transaction,0x01176a1bd84444c89232ec27754698e5d2e7e1a7f1539f12027f28b23ec9f3d8,Starknet Protocol,0x067b5d04634a0c2cedcf1e5ffa557408415a728575bbbbefd41af3352f576e4d,Starknet,0x035b6530ef09e227ca9f92efb66df12d0da9fface35ecd53b53a918c7d4eaa75,0x035b6530ef09e227ca9f92efb66df12d0da9fface35ecd53b53a918c7d4eaa75,0x01176a1bd84444c89232ec27754698e5d2e7e1a7f1539f12027f28b23ec9f3d8,26867132423692,0x049d36570d4e46f48e99674bd3fcc84644ddd6b96f7c741b1562b82f9e004dc7,ETH,Ether,transfer,transfer,0x067b5d04634a0c2cedcf1e5ffa557408415a728575bbbbefd41af3352f576e4d,813431,,,2024-10-19T10:10:56.000Z
42,FALSE,10/19/2024 10:10:56,14576131097313121,,NOSTRA-WBTC/ETH,Transaction,0x0000000000000000000000000000000000000000000000000000000000000000,Starknet Protocol,0x067b5d04634a0c2cedcf1e5ffa557408415a728575bbbbefd41af3352f576e4d,Starknet,0x035b6530ef09e227ca9f92efb66df12d0da9fface35ecd53b53a918c7d4eaa75,0x0000000000000000000000000000000000000000000000000000000000000000,0x035b6530ef09e227ca9f92efb66df12d0da9fface35ecd53b53a918c7d4eaa75,14576131097313121,0x01583919ffd78e87fa28fdf6b6a805fe3ddf52f754a63721dcd4c258211129a6,NOSTRA-WBTC/ETH,Nostra Pool WBTC/ETH,transfer,transfer,0x067b5d04634a0c2cedcf1e5ffa557408415a728575bbbbefd41af3352f576e4d,813431,,,2024-10-19T10:10:56.000Z
43,FALSE,10/19/2024 10:10:56,,1513449184157483019,ETH,Transaction,0x01583919ffd78e87fa28fdf6b6a805fe3ddf52f754a63721dcd4c258211129a6,Starknet Protocol,0x067b5d04634a0c2cedcf1e5ffa557408415a728575bbbbefd41af3352f576e4d,Starknet,0x035b6530ef09e227ca9f92efb66df12d0da9fface35ecd53b53a918c7d4eaa75,0x035b6530ef09e227ca9f92efb66df12d0da9fface35ecd53b53a918c7d4eaa75,0x01583919ffd78e87fa28fdf6b6a805fe3ddf52f754a63721dcd4c258211129a6,1513449184157483019,0x049d36570d4e46f48e99674bd3fcc84644ddd6b96f7c741b1562b82f9e004dc7,ETH,Ether,transfer,transfer,0x067b5d04634a0c2cedcf1e5ffa557408415a728575bbbbefd41af3352f576e4d,813431,,,2024-10-19T10:10:56.000Z
44,FALSE,10/19/2024 10:10:56,,7994282,WBTC,Transaction,0x01583919ffd78e87fa28fdf6b6a805fe3ddf52f754a63721dcd4c258211129a6,Starknet Protocol,0x067b5d04634a0c2cedcf1e5ffa557408415a728575bbbbefd41af3352f576e4d,Starknet,0x035b6530ef09e227ca9f92efb66df12d0da9fface35ecd53b53a918c7d4eaa75,0x035b6530ef09e227ca9f92efb66df12d0da9fface35ecd53b53a918c7d4eaa75,0x01583919ffd78e87fa28fdf6b6a805fe3ddf52f754a63721dcd4c258211129a6,7994282,0x03fe2b97c1fd336e750087d68b9b867997fd64a2661ff3ca5a7c771641e8e7ac,WBTC,Wrapped BTC,transfer,transfer,0x067b5d04634a0c2cedcf1e5ffa557408415a728575bbbbefd41af3352f576e4d,813431,,,2024-10-19T10:10:56.000Z
45,FALSE,10/19/2024 10:10:26,,37885053924174,ETH,Transaction,0x01176a1bd84444c89232ec27754698e5d2e7e1a7f1539f12027f28b23ec9f3d8,Starknet Protocol,0x0511be723db28dc98c79dd461f6324b3e91feef13cadb239b2ffa7d482b64478,Starknet,0x035b6530ef09e227ca9f92efb66df12d0da9fface35ecd53b53a918c7d4eaa75,0x035b6530ef09e227ca9f92efb66df12d0da9fface35ecd53b53a918c7d4eaa75,0x01176a1bd84444c89232ec27754698e5d2e7e1a7f1539f12027f28b23ec9f3d8,37885053924174,0x049d36570d4e46f48e99674bd3fcc84644ddd6b96f7c741b1562b82f9e004dc7,ETH,Ether,transfer,transfer,0x0511be723db28dc98c79dd461f6324b3e91feef13cadb239b2ffa7d482b64478,813430,,,2024-10-19T10:10:26.000Z
46,FALSE,10/19/2024 10:10:26,3760580,,WBTC,Transaction,0x04270219d365d6b017231b52e92b3fb5d7c8378b05e9abc97724537a80e93b0f,Starknet Protocol,0x0511be723db28dc98c79dd461f6324b3e91feef13cadb239b2ffa7d482b64478,Starknet,0x035b6530ef09e227ca9f92efb66df12d0da9fface35ecd53b53a918c7d4eaa75,0x04270219d365d6b017231b52e92b3fb5d7c8378b05e9abc97724537a80e93b0f,0x035b6530ef09e227ca9f92efb66df12d0da9fface35ecd53b53a918c7d4eaa75,3760580,0x03fe2b97c1fd336e750087d68b9b867997fd64a2661ff3ca5a7c771641e8e7ac,WBTC,Wrapped BTC,transfer,transfer,0x0511be723db28dc98c79dd461f6324b3e91feef13cadb239b2ffa7d482b64478,813430,,,2024-10-19T10:10:26.000Z
47,FALSE,10/19/2024 10:10:26,,6407000000000000000000,STRK,Transaction,0x04270219d365d6b017231b52e92b3fb5d7c8378b05e9abc97724537a80e93b0f,Starknet Protocol,0x0511be723db28dc98c79dd461f6324b3e91feef13cadb239b2ffa7d482b64478,Starknet,0x035b6530ef09e227ca9f92efb66df12d0da9fface35ecd53b53a918c7d4eaa75,0x035b6530ef09e227ca9f92efb66df12d0da9fface35ecd53b53a918c7d4eaa75,0x04270219d365d6b017231b52e92b3fb5d7c8378b05e9abc97724537a80e93b0f,6407000000000000000000,0x04718f5a0fc34cc1af16a1cdee98ffb20c31f5cd61d6ab07201858f4287c938d,STRK,Starknet Token,transfer,transfer,0x0511be723db28dc98c79dd461f6324b3e91feef13cadb239b2ffa7d482b64478,813430,,,2024-10-19T10:10:26.000Z
48,FALSE,10/19/2024 10:10:26,,2203584300506,ETH,Transaction,0x01176a1bd84444c89232ec27754698e5d2e7e1a7f1539f12027f28b23ec9f3d8,Starknet Protocol,0x06536072505ef34e41b8edd8b58086c1ae7ca369b27bf89da440f804ab61f4d9,Starknet,0x035b6530ef09e227ca9f92efb66df12d0da9fface35ecd53b53a918c7d4eaa75,0x035b6530ef09e227ca9f92efb66df12d0da9fface35ecd53b53a918c7d4eaa75,0x01176a1bd84444c89232ec27754698e5d2e7e1a7f1539f12027f28b23ec9f3d8,2203584300506,0x049d36570d4e46f48e99674bd3fcc84644ddd6b96f7c741b1562b82f9e004dc7,ETH,Ether,transfer,transfer,0x06536072505ef34e41b8edd8b58086c1ae7ca369b27bf89da440f804ab61f4d9,813430,,,2024-10-19T10:10:26.000Z
49,FALSE,10/19/2024 10:10:26,606652177616450273,,ETH,Transaction,0x04270219d365d6b017231b52e92b3fb5d7c8378b05e9abc97724537a80e93b0f,Starknet Protocol,0x06536072505ef34e41b8edd8b58086c1ae7ca369b27bf89da440f804ab61f4d9,Starknet,0x035b6530ef09e227ca9f92efb66df12d0da9fface35ecd53b53a918c7d4eaa75,0x04270219d365d6b017231b52e92b3fb5d7c8378b05e9abc97724537a80e93b0f,0x035b6530ef09e227ca9f92efb66df12d0da9fface35ecd53b53a918c7d4eaa75,606652177616450273,0x049d36570d4e46f48e99674bd3fcc84644ddd6b96f7c741b1562b82f9e004dc7,ETH,Ether,transfer,transfer,0x06536072505ef34e41b8edd8b58086c1ae7ca369b27bf89da440f804ab61f4d9,813430,,,2024-10-19T10:10:26.000Z
50,FALSE,10/19/2024 10:10:26,,4000000000000000000000,STRK,Transaction,0x04270219d365d6b017231b52e92b3fb5d7c8378b05e9abc97724537a80e93b0f,Starknet Protocol,0x06536072505ef34e41b8edd8b58086c1ae7ca369b27bf89da440f804ab61f4d9,Starknet,0x035b6530ef09e227ca9f92efb66df12d0da9fface35ecd53b53a918c7d4eaa75,0x035b6530ef09e227ca9f92efb66df12d0da9fface35ecd53b53a918c7d4eaa75,0x04270219d365d6b017231b52e92b3fb5d7c8378b05e9abc97724537a80e93b0f,4000000000000000000000,0x04718f5a0fc34cc1af16a1cdee98ffb20c31f5cd61d6ab07201858f4287c938d,STRK,Starknet Token,transfer,transfer,0x06536072505ef34e41b8edd8b58086c1ae7ca369b27bf89da440f804ab61f4d9,813430,,,2024-10-19T10:10:26.000Z
51,FALSE,10/19/2024 10:05:43,,18295573529240,ETH,Transaction,0x01176a1bd84444c89232ec27754698e5d2e7e1a7f1539f12027f28b23ec9f3d8,Starknet Protocol,0x04ef05b643753db504e80a65e296c758ec6d7b0e6b7204200a79b289b047aa65,Starknet,0x035b6530ef09e227ca9f92efb66df12d0da9fface35ecd53b53a918c7d4eaa75,0x035b6530ef09e227ca9f92efb66df12d0da9fface35ecd53b53a918c7d4eaa75,0x01176a1bd84444c89232ec27754698e5d2e7e1a7f1539f12027f28b23ec9f3d8,18295573529240,0x049d36570d4e46f48e99674bd3fcc84644ddd6b96f7c741b1562b82f9e004dc7,ETH,Ether,transfer,transfer,0x04ef05b643753db504e80a65e296c758ec6d7b0e6b7204200a79b289b047aa65,813421,,,2024-10-19T10:05:43.000Z
52,FALSE,10/19/2024 10:05:43,906858575703119526,,ETH,Transaction,0x01583919ffd78e87fa28fdf6b6a805fe3ddf52f754a63721dcd4c258211129a6,Starknet Protocol,0x04ef05b643753db504e80a65e296c758ec6d7b0e6b7204200a79b289b047aa65,Starknet,0x035b6530ef09e227ca9f92efb66df12d0da9fface35ecd53b53a918c7d4eaa75,0x01583919ffd78e87fa28fdf6b6a805fe3ddf52f754a63721dcd4c258211129a6,0x035b6530ef09e227ca9f92efb66df12d0da9fface35ecd53b53a918c7d4eaa75,906858575703119526,0x049d36570d4e46f48e99674bd3fcc84644ddd6b96f7c741b1562b82f9e004dc7,ETH,Ether,transfer,transfer,0x04ef05b643753db504e80a65e296c758ec6d7b0e6b7204200a79b289b047aa65,813421,,,2024-10-19T10:05:43.000Z
53,FALSE,10/19/2024 10:05:43,4790172,,WBTC,Transaction,0x01583919ffd78e87fa28fdf6b6a805fe3ddf52f754a63721dcd4c258211129a6,Starknet Protocol,0x04ef05b643753db504e80a65e296c758ec6d7b0e6b7204200a79b289b047aa65,Starknet,0x035b6530ef09e227ca9f92efb66df12d0da9fface35ecd53b53a918c7d4eaa75,0x01583919ffd78e87fa28fdf6b6a805fe3ddf52f754a63721dcd4c258211129a6,0x035b6530ef09e227ca9f92efb66df12d0da9fface35ecd53b53a918c7d4eaa75,4790172,0x03fe2b97c1fd336e750087d68b9b867997fd64a2661ff3ca5a7c771641e8e7ac,WBTC,Wrapped BTC,transfer,transfer,0x04ef05b643753db504e80a65e296c758ec6d7b0e6b7204200a79b289b047aa65,813421,,,2024-10-19T10:05:43.000Z
54,FALSE,10/19/2024 10:05:43,,8734016063796608,NOSTRA-WBTC/ETH,Transaction,0x01583919ffd78e87fa28fdf6b6a805fe3ddf52f754a63721dcd4c258211129a6,Starknet Protocol,0x04ef05b643753db504e80a65e296c758ec6d7b0e6b7204200a79b289b047aa65,Starknet,0x035b6530ef09e227ca9f92efb66df12d0da9fface35ecd53b53a918c7d4eaa75,0x035b6530ef09e227ca9f92efb66df12d0da9fface35ecd53b53a918c7d4eaa75,0x01583919ffd78e87fa28fdf6b6a805fe3ddf52f754a63721dcd4c258211129a6,8734016063796608,0x01583919ffd78e87fa28fdf6b6a805fe3ddf52f754a63721dcd4c258211129a6,NOSTRA-WBTC/ETH,Nostra Pool WBTC/ETH,transfer,transfer,0x04ef05b643753db504e80a65e296c758ec6d7b0e6b7204200a79b289b047aa65,813421,,,2024-10-19T10:05:43.000Z
55,FALSE,10/19/2024 10:03:10,,627045007304,ETH,Transaction,0x01176a1bd84444c89232ec27754698e5d2e7e1a7f1539f12027f28b23ec9f3d8,Starknet Protocol,0x07756f44e78b6f5f45a47557ae8ee6f8cabf6fbfbae3280af6eea8d8c3a40892,Starknet,0x035b6530ef09e227ca9f92efb66df12d0da9fface35ecd53b53a918c7d4eaa75,0x035b6530ef09e227ca9f92efb66df12d0da9fface35ecd53b53a918c7d4eaa75,0x01176a1bd84444c89232ec27754698e5d2e7e1a7f1539f12027f28b23ec9f3d8,627045007304,0x049d36570d4e46f48e99674bd3fcc84644ddd6b96f7c741b1562b82f9e004dc7,ETH,Ether,transfer,transfer,0x07756f44e78b6f5f45a47557ae8ee6f8cabf6fbfbae3280af6eea8d8c3a40892,813416,,,2024-10-19T10:03:10.000Z
56,FALSE,10/19/2024 10:03:10,1376221419069663461949,,STRK,Transaction,0x02ada1f8aff9b50c1816e1054260f8e5d41cbdcd5f4945be1e7924514ff4cc93,Starknet Protocol,0x07756f44e78b6f5f45a47557ae8ee6f8cabf6fbfbae3280af6eea8d8c3a40892,Starknet,0x035b6530ef09e227ca9f92efb66df12d0da9fface35ecd53b53a918c7d4eaa75,0x02ada1f8aff9b50c1816e1054260f8e5d41cbdcd5f4945be1e7924514ff4cc93,0x035b6530ef09e227ca9f92efb66df12d0da9fface35ecd53b53a918c7d4eaa75,1376221419069663461949,0x04718f5a0fc34cc1af16a1cdee98ffb20c31f5cd61d6ab07201858f4287c938d,STRK,Starknet Token,transfer,transfer,0x07756f44e78b6f5f45a47557ae8ee6f8cabf6fbfbae3280af6eea8d8c3a40892,813416,,,2024-10-19T10:03:10.000Z
57,FALSE,10/19/2024 10:03:10,893556055902789658832,,STRK,Transaction,0x02fb7fccac476f59c90d707d0260901d5325ad327928bfab8a463e84610ee5de,Starknet Protocol,0x07756f44e78b6f5f45a47557ae8ee6f8cabf6fbfbae3280af6eea8d8c3a40892,Starknet,0x035b6530ef09e227ca9f92efb66df12d0da9fface35ecd53b53a918c7d4eaa75,0x02fb7fccac476f59c90d707d0260901d5325ad327928bfab8a463e84610ee5de,0x035b6530ef09e227ca9f92efb66df12d0da9fface35ecd53b53a918c7d4eaa75,893556055902789658832,0x04718f5a0fc34cc1af16a1cdee98ffb20c31f5cd61d6ab07201858f4287c938d,STRK,Starknet Token,transfer,transfer,0x07756f44e78b6f5f45a47557ae8ee6f8cabf6fbfbae3280af6eea8d8c3a40892,813416,,,2024-10-19T10:03:10.000Z
58,FALSE,10/18/2024 14:51:08,8137000000000000000000,,STRK,Transaction,0x01355a4c0a859f3f4e163e7700f6034bda0de11e55eb64978f6fd914001a54b0,Starknet Protocol,0x0524ae7626ca358b02ecdd097de52ab9785f1ce0b8c927aab80ddabc95f914d0,Starknet,0x035b6530ef09e227ca9f92efb66df12d0da9fface35ecd53b53a918c7d4eaa75,0x01355a4c0a859f3f4e163e7700f6034bda0de11e55eb64978f6fd914001a54b0,0x035b6530ef09e227ca9f92efb66df12d0da9fface35ecd53b53a918c7d4eaa75,8137000000000000000000,0x04718f5a0fc34cc1af16a1cdee98ffb20c31f5cd61d6ab07201858f4287c938d,STRK,Starknet Token,transfer,transfer,0x0524ae7626ca358b02ecdd097de52ab9785f1ce0b8c927aab80ddabc95f914d0,811282,,,2024-10-18T14:51:08.000Z
59,FALSE,10/16/2024 23:00:28,,2420583023840,ETH,Transaction,0x01176a1bd84444c89232ec27754698e5d2e7e1a7f1539f12027f28b23ec9f3d8,Starknet Protocol,0x07d36dc13e51de5e2500b4d60e4ae77c1ced79218874e1971edcb9cf28e9cd40,Starknet,0x035b6530ef09e227ca9f92efb66df12d0da9fface35ecd53b53a918c7d4eaa75,0x035b6530ef09e227ca9f92efb66df12d0da9fface35ecd53b53a918c7d4eaa75,0x01176a1bd84444c89232ec27754698e5d2e7e1a7f1539f12027f28b23ec9f3d8,2420583023840,0x049d36570d4e46f48e99674bd3fcc84644ddd6b96f7c741b1562b82f9e004dc7,ETH,Ether,transfer,transfer,0x07d36dc13e51de5e2500b4d60e4ae77c1ced79218874e1971edcb9cf28e9cd40,806868,,,2024-10-16T23:00:28.000Z
60,FALSE,10/16/2024 23:00:28,46806099855184944,,iETH-c,Transaction,0x0000000000000000000000000000000000000000000000000000000000000000,Starknet Protocol,0x07d36dc13e51de5e2500b4d60e4ae77c1ced79218874e1971edcb9cf28e9cd40,Starknet,0x035b6530ef09e227ca9f92efb66df12d0da9fface35ecd53b53a918c7d4eaa75,0x0000000000000000000000000000000000000000000000000000000000000000,0x035b6530ef09e227ca9f92efb66df12d0da9fface35ecd53b53a918c7d4eaa75,46806099855184944,0x057146f6409deb4c9fa12866915dd952aa07c1eb2752e451d7f3b042086bdeb8,iETH-c,Nostra ETH Interest Collat.,transfer,transfer,0x07d36dc13e51de5e2500b4d60e4ae77c1ced79218874e1971edcb9cf28e9cd40,806868,,,2024-10-16T23:00:28.000Z
61,FALSE,10/16/2024 23:00:28,,47092715352794390,ETH,Transaction,0x059a943ca214c10234b9a3b61c558ac20c005127d183b86a99a8f3c60a08b4ff,Starknet Protocol,0x07d36dc13e51de5e2500b4d60e4ae77c1ced79218874e1971edcb9cf28e9cd40,Starknet,0x035b6530ef09e227ca9f92efb66df12d0da9fface35ecd53b53a918c7d4eaa75,0x035b6530ef09e227ca9f92efb66df12d0da9fface35ecd53b53a918c7d4eaa75,0x059a943ca214c10234b9a3b61c558ac20c005127d183b86a99a8f3c60a08b4ff,47092715352794390,0x049d36570d4e46f48e99674bd3fcc84644ddd6b96f7c741b1562b82f9e004dc7,ETH,Ether,transfer,transfer,0x07d36dc13e51de5e2500b4d60e4ae77c1ced79218874e1971edcb9cf28e9cd40,806868,,,2024-10-16T23:00:28.000Z
62,FALSE,10/16/2024 22:59:47,,29371290822456,ETH,Transaction,0x01176a1bd84444c89232ec27754698e5d2e7e1a7f1539f12027f28b23ec9f3d8,Starknet Protocol,0x048c15d1bf4fe9aa4c60f17f3444af2bf372915e993af53c4d06ed6cfc6ad1a1,Starknet,0x035b6530ef09e227ca9f92efb66df12d0da9fface35ecd53b53a918c7d4eaa75,0x035b6530ef09e227ca9f92efb66df12d0da9fface35ecd53b53a918c7d4eaa75,0x01176a1bd84444c89232ec27754698e5d2e7e1a7f1539f12027f28b23ec9f3d8,29371290822456,0x049d36570d4e46f48e99674bd3fcc84644ddd6b96f7c741b1562b82f9e004dc7,ETH,Ether,transfer,transfer,0x048c15d1bf4fe9aa4c60f17f3444af2bf372915e993af53c4d06ed6cfc6ad1a1,806867,,,2024-10-16T22:59:47.000Z
63,FALSE,10/16/2024 22:59:47,1325422939150523,,NOSTRA-WBTC/ETH,Transaction,0x0000000000000000000000000000000000000000000000000000000000000000,Starknet Protocol,0x048c15d1bf4fe9aa4c60f17f3444af2bf372915e993af53c4d06ed6cfc6ad1a1,Starknet,0x035b6530ef09e227ca9f92efb66df12d0da9fface35ecd53b53a918c7d4eaa75,0x0000000000000000000000000000000000000000000000000000000000000000,0x035b6530ef09e227ca9f92efb66df12d0da9fface35ecd53b53a918c7d4eaa75,1325422939150523,0x01583919ffd78e87fa28fdf6b6a805fe3ddf52f754a63721dcd4c258211129a6,NOSTRA-WBTC/ETH,Nostra Pool WBTC/ETH,transfer,transfer,0x048c15d1bf4fe9aa4c60f17f3444af2bf372915e993af53c4d06ed6cfc6ad1a1,806867,,,2024-10-16T22:59:47.000Z
64,FALSE,10/16/2024 22:59:47,,128610815047093209,ETH,Transaction,0x01583919ffd78e87fa28fdf6b6a805fe3ddf52f754a63721dcd4c258211129a6,Starknet Protocol,0x048c15d1bf4fe9aa4c60f17f3444af2bf372915e993af53c4d06ed6cfc6ad1a1,Starknet,0x035b6530ef09e227ca9f92efb66df12d0da9fface35ecd53b53a918c7d4eaa75,0x035b6530ef09e227ca9f92efb66df12d0da9fface35ecd53b53a918c7d4eaa75,0x01583919ffd78e87fa28fdf6b6a805fe3ddf52f754a63721dcd4c258211129a6,128610815047093209,0x049d36570d4e46f48e99674bd3fcc84644ddd6b96f7c741b1562b82f9e004dc7,ETH,Ether,transfer,transfer,0x048c15d1bf4fe9aa4c60f17f3444af2bf372915e993af53c4d06ed6cfc6ad1a1,806867,,,2024-10-16T22:59:47.000Z
65,FALSE,10/16/2024 22:59:47,,762001,WBTC,Transaction,0x01583919ffd78e87fa28fdf6b6a805fe3ddf52f754a63721dcd4c258211129a6,Starknet Protocol,0x048c15d1bf4fe9aa4c60f17f3444af2bf372915e993af53c4d06ed6cfc6ad1a1,Starknet,0x035b6530ef09e227ca9f92efb66df12d0da9fface35ecd53b53a918c7d4eaa75,0x035b6530ef09e227ca9f92efb66df12d0da9fface35ecd53b53a918c7d4eaa75,0x01583919ffd78e87fa28fdf6b6a805fe3ddf52f754a63721dcd4c258211129a6,762001,0x03fe2b97c1fd336e750087d68b9b867997fd64a2661ff3ca5a7c771641e8e7ac,WBTC,Wrapped BTC,transfer,transfer,0x048c15d1bf4fe9aa4c60f17f3444af2bf372915e993af53c4d06ed6cfc6ad1a1,806867,,,2024-10-16T22:59:47.000Z
66,FALSE,10/16/2024 22:59:12,,12884471446088,ETH,Transaction,0x01176a1bd84444c89232ec27754698e5d2e7e1a7f1539f12027f28b23ec9f3d8,Starknet Protocol,0x03a1e640cce7d43a5cc69f04c644df6d273f5abff04f5d57b097af7f31a8ce92,Starknet,0x035b6530ef09e227ca9f92efb66df12d0da9fface35ecd53b53a918c7d4eaa75,0x035b6530ef09e227ca9f92efb66df12d0da9fface35ecd53b53a918c7d4eaa75,0x01176a1bd84444c89232ec27754698e5d2e7e1a7f1539f12027f28b23ec9f3d8,12884471446088,0x049d36570d4e46f48e99674bd3fcc84644ddd6b96f7c741b1562b82f9e004dc7,ETH,Ether,transfer,transfer,0x03a1e640cce7d43a5cc69f04c644df6d273f5abff04f5d57b097af7f31a8ce92,806866,,,2024-10-16T22:59:12.000Z
67,FALSE,10/16/2024 22:59:12,761589,,WBTC,Transaction,0x04270219d365d6b017231b52e92b3fb5d7c8378b05e9abc97724537a80e93b0f,Starknet Protocol,0x03a1e640cce7d43a5cc69f04c644df6d273f5abff04f5d57b097af7f31a8ce92,Starknet,0x035b6530ef09e227ca9f92efb66df12d0da9fface35ecd53b53a918c7d4eaa75,0x04270219d365d6b017231b52e92b3fb5d7c8378b05e9abc97724537a80e93b0f,0x035b6530ef09e227ca9f92efb66df12d0da9fface35ecd53b53a918c7d4eaa75,761589,0x03fe2b97c1fd336e750087d68b9b867997fd64a2661ff3ca5a7c771641e8e7ac,WBTC,Wrapped BTC,transfer,transfer,0x03a1e640cce7d43a5cc69f04c644df6d273f5abff04f5d57b097af7f31a8ce92,806866,,,2024-10-16T22:59:12.000Z
68,FALSE,10/16/2024 22:59:12,,1231000000000000000000,STRK,Transaction,0x04270219d365d6b017231b52e92b3fb5d7c8378b05e9abc97724537a80e93b0f,Starknet Protocol,0x03a1e640cce7d43a5cc69f04c644df6d273f5abff04f5d57b097af7f31a8ce92,Starknet,0x035b6530ef09e227ca9f92efb66df12d0da9fface35ecd53b53a918c7d4eaa75,0x035b6530ef09e227ca9f92efb66df12d0da9fface35ecd53b53a918c7d4eaa75,0x04270219d365d6b017231b52e92b3fb5d7c8378b05e9abc97724537a80e93b0f,1231000000000000000000,0x04718f5a0fc34cc1af16a1cdee98ffb20c31f5cd61d6ab07201858f4287c938d,STRK,Starknet Token,transfer,transfer,0x03a1e640cce7d43a5cc69f04c644df6d273f5abff04f5d57b097af7f31a8ce92,806866,,,2024-10-16T22:59:12.000Z
69,FALSE,10/16/2024 22:58:39,,2187783832322,ETH,Transaction,0x01176a1bd84444c89232ec27754698e5d2e7e1a7f1539f12027f28b23ec9f3d8,Starknet Protocol,0x02ef3f28cb540fb65f8a1ab21689a51743c348e28ad66e5c77eb2001bb0db0f3,Starknet,0x035b6530ef09e227ca9f92efb66df12d0da9fface35ecd53b53a918c7d4eaa75,0x035b6530ef09e227ca9f92efb66df12d0da9fface35ecd53b53a918c7d4eaa75,0x01176a1bd84444c89232ec27754698e5d2e7e1a7f1539f12027f28b23ec9f3d8,2187783832322,0x049d36570d4e46f48e99674bd3fcc84644ddd6b96f7c741b1562b82f9e004dc7,ETH,Ether,transfer,transfer,0x02ef3f28cb540fb65f8a1ab21689a51743c348e28ad66e5c77eb2001bb0db0f3,806865,,,2024-10-16T22:58:39.000Z
70,FALSE,10/16/2024 22:58:39,159697667539691187,,ETH,Transaction,0x04270219d365d6b017231b52e92b3fb5d7c8378b05e9abc97724537a80e93b0f,Starknet Protocol,0x02ef3f28cb540fb65f8a1ab21689a51743c348e28ad66e5c77eb2001bb0db0f3,Starknet,0x035b6530ef09e227ca9f92efb66df12d0da9fface35ecd53b53a918c7d4eaa75,0x04270219d365d6b017231b52e92b3fb5d7c8378b05e9abc97724537a80e93b0f,0x035b6530ef09e227ca9f92efb66df12d0da9fface35ecd53b53a918c7d4eaa75,159697667539691187,0x049d36570d4e46f48e99674bd3fcc84644ddd6b96f7c741b1562b82f9e004dc7,ETH,Ether,transfer,transfer,0x02ef3f28cb540fb65f8a1ab21689a51743c348e28ad66e5c77eb2001bb0db0f3,806865,,,2024-10-16T22:58:39.000Z
71,FALSE,10/16/2024 22:58:39,,1000000000000000000000,STRK,Transaction,0x04270219d365d6b017231b52e92b3fb5d7c8378b05e9abc97724537a80e93b0f,Starknet Protocol,0x02ef3f28cb540fb65f8a1ab21689a51743c348e28ad66e5c77eb2001bb0db0f3,Starknet,0x035b6530ef09e227ca9f92efb66df12d0da9fface35ecd53b53a918c7d4eaa75,0x035b6530ef09e227ca9f92efb66df12d0da9fface35ecd53b53a918c7d4eaa75,0x04270219d365d6b017231b52e92b3fb5d7c8378b05e9abc97724537a80e93b0f,1000000000000000000000,0x04718f5a0fc34cc1af16a1cdee98ffb20c31f5cd61d6ab07201858f4287c938d,STRK,Starknet Token,transfer,transfer,0x02ef3f28cb540fb65f8a1ab21689a51743c348e28ad66e5c77eb2001bb0db0f3,806865,,,2024-10-16T22:58:39.000Z
72,FALSE,10/16/2024 22:58:07,,751360104428,ETH,Transaction,0x01176a1bd84444c89232ec27754698e5d2e7e1a7f1539f12027f28b23ec9f3d8,Starknet Protocol,0x065b06b0e7ab7de7ba6d0e499123d7bf8c599d81265185c58584a05345367e6d,Starknet,0x035b6530ef09e227ca9f92efb66df12d0da9fface35ecd53b53a918c7d4eaa75,0x035b6530ef09e227ca9f92efb66df12d0da9fface35ecd53b53a918c7d4eaa75,0x01176a1bd84444c89232ec27754698e5d2e7e1a7f1539f12027f28b23ec9f3d8,751360104428,0x049d36570d4e46f48e99674bd3fcc84644ddd6b96f7c741b1562b82f9e004dc7,ETH,Ether,transfer,transfer,0x065b06b0e7ab7de7ba6d0e499123d7bf8c599d81265185c58584a05345367e6d,806864,,,2024-10-16T22:58:07.000Z
73,FALSE,10/16/2024 22:58:07,1508886500447243932557,,STRK,Transaction,0x011af47961de0de9ad82df1519de63b6f802042177fa85651600335dd1ee270e,Starknet Protocol,0x065b06b0e7ab7de7ba6d0e499123d7bf8c599d81265185c58584a05345367e6d,Starknet,0x035b6530ef09e227ca9f92efb66df12d0da9fface35ecd53b53a918c7d4eaa75,0x011af47961de0de9ad82df1519de63b6f802042177fa85651600335dd1ee270e,0x035b6530ef09e227ca9f92efb66df12d0da9fface35ecd53b53a918c7d4eaa75,1508886500447243932557,0x04718f5a0fc34cc1af16a1cdee98ffb20c31f5cd61d6ab07201858f4287c938d,STRK,Starknet Token,transfer,transfer,0x065b06b0e7ab7de7ba6d0e499123d7bf8c599d81265185c58584a05345367e6d,806864,,,2024-10-16T22:58:07.000Z
74,FALSE,10/16/2024 22:58:07,722232968419793454872,,STRK,Transaction,0x0453ec6d0a035905c3c6c33419c4968f25807bc61ab4f6c88e5c6edfc41ef7d9,Starknet Protocol,0x065b06b0e7ab7de7ba6d0e499123d7bf8c599d81265185c58584a05345367e6d,Starknet,0x035b6530ef09e227ca9f92efb66df12d0da9fface35ecd53b53a918c7d4eaa75,0x0453ec6d0a035905c3c6c33419c4968f25807bc61ab4f6c88e5c6edfc41ef7d9,0x035b6530ef09e227ca9f92efb66df12d0da9fface35ecd53b53a918c7d4eaa75,722232968419793454872,0x04718f5a0fc34cc1af16a1cdee98ffb20c31f5cd61d6ab07201858f4287c938d,STRK,Starknet Token,transfer,transfer,0x065b06b0e7ab7de7ba6d0e499123d7bf8c599d81265185c58584a05345367e6d,806864,,,2024-10-16T22:58:07.000Z
75,FALSE,10/16/2024 22:57:32,,2120665069952,ETH,Transaction,0x01176a1bd84444c89232ec27754698e5d2e7e1a7f1539f12027f28b23ec9f3d8,Starknet Protocol,0x016c934f67c5239dc070e0066cec94fcdbe6d3a70bb173ef20863b63e384a6a5,Starknet,0x035b6530ef09e227ca9f92efb66df12d0da9fface35ecd53b53a918c7d4eaa75,0x035b6530ef09e227ca9f92efb66df12d0da9fface35ecd53b53a918c7d4eaa75,0x01176a1bd84444c89232ec27754698e5d2e7e1a7f1539f12027f28b23ec9f3d8,2120665069952,0x049d36570d4e46f48e99674bd3fcc84644ddd6b96f7c741b1562b82f9e004dc7,ETH,Ether,transfer,transfer,0x016c934f67c5239dc070e0066cec94fcdbe6d3a70bb173ef20863b63e384a6a5,806863,,,2024-10-16T22:57:32.000Z
76,FALSE,10/16/2024 22:57:32,11672768470,,iUSDC-c,Transaction,0x0000000000000000000000000000000000000000000000000000000000000000,Starknet Protocol,0x016c934f67c5239dc070e0066cec94fcdbe6d3a70bb173ef20863b63e384a6a5,Starknet,0x035b6530ef09e227ca9f92efb66df12d0da9fface35ecd53b53a918c7d4eaa75,0x0000000000000000000000000000000000000000000000000000000000000000,0x035b6530ef09e227ca9f92efb66df12d0da9fface35ecd53b53a918c7d4eaa75,11672768470,0x05dcd26c25d9d8fd9fc860038dcb6e4d835e524eb8a85213a8cda5b7fff845f6,iUSDC-c,Nostra USDC Interest Collat.,transfer,transfer,0x016c934f67c5239dc070e0066cec94fcdbe6d3a70bb173ef20863b63e384a6a5,806863,,,2024-10-16T22:57:32.000Z
77,FALSE,10/16/2024 22:57:32,,12193130460,USDC,Transaction,0x059a943ca214c10234b9a3b61c558ac20c005127d183b86a99a8f3c60a08b4ff,Starknet Protocol,0x016c934f67c5239dc070e0066cec94fcdbe6d3a70bb173ef20863b63e384a6a5,Starknet,0x035b6530ef09e227ca9f92efb66df12d0da9fface35ecd53b53a918c7d4eaa75,0x035b6530ef09e227ca9f92efb66df12d0da9fface35ecd53b53a918c7d4eaa75,0x059a943ca214c10234b9a3b61c558ac20c005127d183b86a99a8f3c60a08b4ff,12193130460,0x053c91253bc9682c04929ca02ed00b3e423f6710d2ee7e0d5ebb06f3ecf368a8,USDC,USD Coin,transfer,transfer,0x016c934f67c5239dc070e0066cec94fcdbe6d3a70bb173ef20863b63e384a6a5,806863,,,2024-10-16T22:57:32.000Z
78,FALSE,10/16/2024 22:57:02,,2871733949220,ETH,Transaction,0x01176a1bd84444c89232ec27754698e5d2e7e1a7f1539f12027f28b23ec9f3d8,Starknet Protocol,0x01ca0a257a9cbb1b9bf0b9e810a1a7a641a25eacd458f14991e6e10d7ba80f0d,Starknet,0x035b6530ef09e227ca9f92efb66df12d0da9fface35ecd53b53a918c7d4eaa75,0x035b6530ef09e227ca9f92efb66df12d0da9fface35ecd53b53a918c7d4eaa75,0x01176a1bd84444c89232ec27754698e5d2e7e1a7f1539f12027f28b23ec9f3d8,2871733949220,0x049d36570d4e46f48e99674bd3fcc84644ddd6b96f7c741b1562b82f9e004dc7,ETH,Ether,transfer,transfer,0x01ca0a257a9cbb1b9bf0b9e810a1a7a641a25eacd458f14991e6e10d7ba80f0d,806862,,,2024-10-16T22:57:02.000Z
79,FALSE,10/16/2024 22:57:02,12193130460,,USDC,Transaction,0x04270219d365d6b017231b52e92b3fb5d7c8378b05e9abc97724537a80e93b0f,Starknet Protocol,0x01ca0a257a9cbb1b9bf0b9e810a1a7a641a25eacd458f14991e6e10d7ba80f0d,Starknet,0x035b6530ef09e227ca9f92efb66df12d0da9fface35ecd53b53a918c7d4eaa75,0x04270219d365d6b017231b52e92b3fb5d7c8378b05e9abc97724537a80e93b0f,0x035b6530ef09e227ca9f92efb66df12d0da9fface35ecd53b53a918c7d4eaa75,12193130460,0x053c91253bc9682c04929ca02ed00b3e423f6710d2ee7e0d5ebb06f3ecf368a8,USDC,USD Coin,transfer,transfer,0x01ca0a257a9cbb1b9bf0b9e810a1a7a641a25eacd458f14991e6e10d7ba80f0d,806862,,,2024-10-16T22:57:02.000Z
80,FALSE,10/16/2024 22:57:02,,29166000000000000000000,STRK,Transaction,0x04270219d365d6b017231b52e92b3fb5d7c8378b05e9abc97724537a80e93b0f,Starknet Protocol,0x01ca0a257a9cbb1b9bf0b9e810a1a7a641a25eacd458f14991e6e10d7ba80f0d,Starknet,0x035b6530ef09e227ca9f92efb66df12d0da9fface35ecd53b53a918c7d4eaa75,0x035b6530ef09e227ca9f92efb66df12d0da9fface35ecd53b53a918c7d4eaa75,0x04270219d365d6b017231b52e92b3fb5d7c8378b05e9abc97724537a80e93b0f,29166000000000000000000,0x04718f5a0fc34cc1af16a1cdee98ffb20c31f5cd61d6ab07201858f4287c938d,STRK,Starknet Token,transfer,transfer,0x01ca0a257a9cbb1b9bf0b9e810a1a7a641a25eacd458f14991e6e10d7ba80f0d,806862,,,2024-10-16T22:57:02.000Z
81,FALSE,10/16/2024 22:52:33,29166000000000000000000,,STRK,Transaction,0x035c36258fffc1da38afcab896a0967ee6997157f42311757e808509226fe5a1,Starknet Protocol,0x0640a3796577b9fc5147d625faaf01a60f878b5dc5c71d0495942168d3426f5a,Starknet,0x035b6530ef09e227ca9f92efb66df12d0da9fface35ecd53b53a918c7d4eaa75,0x035c36258fffc1da38afcab896a0967ee6997157f42311757e808509226fe5a1,0x035b6530ef09e227ca9f92efb66df12d0da9fface35ecd53b53a918c7d4eaa75,29166000000000000000000,0x04718f5a0fc34cc1af16a1cdee98ffb20c31f5cd61d6ab07201858f4287c938d,STRK,Starknet Token,transfer,transfer,0x0640a3796577b9fc5147d625faaf01a60f878b5dc5c71d0495942168d3426f5a,806855,,,2024-10-16T22:52:33.000Z
82,FALSE,10/06/2024 07:09:27,,1046795780460,ETH,Transaction,0x01176a1bd84444c89232ec27754698e5d2e7e1a7f1539f12027f28b23ec9f3d8,Starknet Protocol,0x012487f71f99dc5f8c15176197d9c81721c9a6ad400dcf47239beec99c2a6ea5,Starknet,0x035b6530ef09e227ca9f92efb66df12d0da9fface35ecd53b53a918c7d4eaa75,0x035b6530ef09e227ca9f92efb66df12d0da9fface35ecd53b53a918c7d4eaa75,0x01176a1bd84444c89232ec27754698e5d2e7e1a7f1539f12027f28b23ec9f3d8,1046795780460,0x049d36570d4e46f48e99674bd3fcc84644ddd6b96f7c741b1562b82f9e004dc7,ETH,Ether,transfer,transfer,0x012487f71f99dc5f8c15176197d9c81721c9a6ad400dcf47239beec99c2a6ea5,778344,,,2024-10-06T07:09:27.000Z
83,FALSE,10/06/2024 07:09:27,,2157000000000000000000,STRK,Transaction,0x059a943ca214c10234b9a3b61c558ac20c005127d183b86a99a8f3c60a08b4ff,Starknet Protocol,0x012487f71f99dc5f8c15176197d9c81721c9a6ad400dcf47239beec99c2a6ea5,Starknet,0x035b6530ef09e227ca9f92efb66df12d0da9fface35ecd53b53a918c7d4eaa75,0x035b6530ef09e227ca9f92efb66df12d0da9fface35ecd53b53a918c7d4eaa75,0x059a943ca214c10234b9a3b61c558ac20c005127d183b86a99a8f3c60a08b4ff,2157000000000000000000,0x04718f5a0fc34cc1af16a1cdee98ffb20c31f5cd61d6ab07201858f4287c938d,STRK,Starknet Token,transfer,transfer,0x012487f71f99dc5f8c15176197d9c81721c9a6ad400dcf47239beec99c2a6ea5,778344,,,2024-10-06T07:09:27.000Z
84,FALSE,10/06/2024 07:09:27,,2126007779967695289895,dSTRK,Transaction,0x0000000000000000000000000000000000000000000000000000000000000000,Starknet Protocol,0x012487f71f99dc5f8c15176197d9c81721c9a6ad400dcf47239beec99c2a6ea5,Starknet,0x035b6530ef09e227ca9f92efb66df12d0da9fface35ecd53b53a918c7d4eaa75,0x035b6530ef09e227ca9f92efb66df12d0da9fface35ecd53b53a918c7d4eaa75,0x0000000000000000000000000000000000000000000000000000000000000000,2126007779967695289895,0x001258eae3eae5002125bebf062d611a772e8aea3a1879b64a19f363ebd00947,dSTRK,Nostra STRK Debt,transfer,transfer,0x012487f71f99dc5f8c15176197d9c81721c9a6ad400dcf47239beec99c2a6ea5,778344,,,2024-10-06T07:09:27.000Z
85,FALSE,10/06/2024 07:08:19,,297790301820,ETH,Transaction,0x01176a1bd84444c89232ec27754698e5d2e7e1a7f1539f12027f28b23ec9f3d8,Starknet Protocol,0x05c70ba685dccdffed32c31906a75dae8d01809caacab45710fc7ecea55ef98e,Starknet,0x035b6530ef09e227ca9f92efb66df12d0da9fface35ecd53b53a918c7d4eaa75,0x035b6530ef09e227ca9f92efb66df12d0da9fface35ecd53b53a918c7d4eaa75,0x01176a1bd84444c89232ec27754698e5d2e7e1a7f1539f12027f28b23ec9f3d8,297790301820,0x049d36570d4e46f48e99674bd3fcc84644ddd6b96f7c741b1562b82f9e004dc7,ETH,Ether,transfer,transfer,0x05c70ba685dccdffed32c31906a75dae8d01809caacab45710fc7ecea55ef98e,778342,,,2024-10-06T07:08:19.000Z
86,FALSE,10/06/2024 07:08:19,1511269883635516240805,,STRK,Transaction,0x008965c75b15f875e151d58b7e646f6048207551d8bab6fc3ac0fa090d9db050,Starknet Protocol,0x05c70ba685dccdffed32c31906a75dae8d01809caacab45710fc7ecea55ef98e,Starknet,0x035b6530ef09e227ca9f92efb66df12d0da9fface35ecd53b53a918c7d4eaa75,0x008965c75b15f875e151d58b7e646f6048207551d8bab6fc3ac0fa090d9db050,0x035b6530ef09e227ca9f92efb66df12d0da9fface35ecd53b53a918c7d4eaa75,1511269883635516240805,0x04718f5a0fc34cc1af16a1cdee98ffb20c31f5cd61d6ab07201858f4287c938d,STRK,Starknet Token,transfer,transfer,0x05c70ba685dccdffed32c31906a75dae8d01809caacab45710fc7ecea55ef98e,778342,,,2024-10-06T07:08:19.000Z
87,FALSE,10/06/2024 07:08:19,645191169209612286376,,STRK,Transaction,0x021ad3449f3e4d19671e7f7dd528e8f5bdd70df7f807150fb7a0806d831c274d,Starknet Protocol,0x05c70ba685dccdffed32c31906a75dae8d01809caacab45710fc7ecea55ef98e,Starknet,0x035b6530ef09e227ca9f92efb66df12d0da9fface35ecd53b53a918c7d4eaa75,0x021ad3449f3e4d19671e7f7dd528e8f5bdd70df7f807150fb7a0806d831c274d,0x035b6530ef09e227ca9f92efb66df12d0da9fface35ecd53b53a918c7d4eaa75,645191169209612286376,0x04718f5a0fc34cc1af16a1cdee98ffb20c31f5cd61d6ab07201858f4287c938d,STRK,Starknet Token,transfer,transfer,0x05c70ba685dccdffed32c31906a75dae8d01809caacab45710fc7ecea55ef98e,778342,,,2024-10-06T07:08:19.000Z
88,FALSE,09/27/2024 18:03:07,,3729514606464,ETH,Transaction,0x01176a1bd84444c89232ec27754698e5d2e7e1a7f1539f12027f28b23ec9f3d8,Starknet Protocol,0x00cade105c1546ecba917ad651b6c3f734afe598c22c592a9bda02c94b7da6f6,Starknet,0x035b6530ef09e227ca9f92efb66df12d0da9fface35ecd53b53a918c7d4eaa75,0x035b6530ef09e227ca9f92efb66df12d0da9fface35ecd53b53a918c7d4eaa75,0x01176a1bd84444c89232ec27754698e5d2e7e1a7f1539f12027f28b23ec9f3d8,3729514606464,0x049d36570d4e46f48e99674bd3fcc84644ddd6b96f7c741b1562b82f9e004dc7,ETH,Ether,transfer,transfer,0x00cade105c1546ecba917ad651b6c3f734afe598c22c592a9bda02c94b7da6f6,755014,,,2024-09-27T18:03:07.000Z
89,FALSE,09/27/2024 18:03:07,1057201526,,iUSDC-c,Transaction,0x0000000000000000000000000000000000000000000000000000000000000000,Starknet Protocol,0x00cade105c1546ecba917ad651b6c3f734afe598c22c592a9bda02c94b7da6f6,Starknet,0x035b6530ef09e227ca9f92efb66df12d0da9fface35ecd53b53a918c7d4eaa75,0x0000000000000000000000000000000000000000000000000000000000000000,0x035b6530ef09e227ca9f92efb66df12d0da9fface35ecd53b53a918c7d4eaa75,1057201526,0x05dcd26c25d9d8fd9fc860038dcb6e4d835e524eb8a85213a8cda5b7fff845f6,iUSDC-c,Nostra USDC Interest Collat.,transfer,transfer,0x00cade105c1546ecba917ad651b6c3f734afe598c22c592a9bda02c94b7da6f6,755014,,,2024-09-27T18:03:07.000Z
90,FALSE,09/27/2024 18:03:07,,1103703890,USDC,Transaction,0x059a943ca214c10234b9a3b61c558ac20c005127d183b86a99a8f3c60a08b4ff,Starknet Protocol,0x00cade105c1546ecba917ad651b6c3f734afe598c22c592a9bda02c94b7da6f6,Starknet,0x035b6530ef09e227ca9f92efb66df12d0da9fface35ecd53b53a918c7d4eaa75,0x035b6530ef09e227ca9f92efb66df12d0da9fface35ecd53b53a918c7d4eaa75,0x059a943ca214c10234b9a3b61c558ac20c005127d183b86a99a8f3c60a08b4ff,1103703890,0x053c91253bc9682c04929ca02ed00b3e423f6710d2ee7e0d5ebb06f3ecf368a8,USDC,USD Coin,transfer,transfer,0x00cade105c1546ecba917ad651b6c3f734afe598c22c592a9bda02c94b7da6f6,755014,,,2024-09-27T18:03:07.000Z
91,FALSE,09/27/2024 18:02:36,,4145755075878,ETH,Transaction,0x01176a1bd84444c89232ec27754698e5d2e7e1a7f1539f12027f28b23ec9f3d8,Starknet Protocol,0x065dc1c7f7d09d339abc0bfb2730e7c240b0e83c499e19acd9497182c961a3ee,Starknet,0x035b6530ef09e227ca9f92efb66df12d0da9fface35ecd53b53a918c7d4eaa75,0x035b6530ef09e227ca9f92efb66df12d0da9fface35ecd53b53a918c7d4eaa75,0x01176a1bd84444c89232ec27754698e5d2e7e1a7f1539f12027f28b23ec9f3d8,4145755075878,0x049d36570d4e46f48e99674bd3fcc84644ddd6b96f7c741b1562b82f9e004dc7,ETH,Ether,transfer,transfer,0x065dc1c7f7d09d339abc0bfb2730e7c240b0e83c499e19acd9497182c961a3ee,755013,,,2024-09-27T18:02:36.000Z
92,FALSE,09/27/2024 18:02:36,1103703890,,USDC,Transaction,0x04270219d365d6b017231b52e92b3fb5d7c8378b05e9abc97724537a80e93b0f,Starknet Protocol,0x065dc1c7f7d09d339abc0bfb2730e7c240b0e83c499e19acd9497182c961a3ee,Starknet,0x035b6530ef09e227ca9f92efb66df12d0da9fface35ecd53b53a918c7d4eaa75,0x04270219d365d6b017231b52e92b3fb5d7c8378b05e9abc97724537a80e93b0f,0x035b6530ef09e227ca9f92efb66df12d0da9fface35ecd53b53a918c7d4eaa75,1103703890,0x053c91253bc9682c04929ca02ed00b3e423f6710d2ee7e0d5ebb06f3ecf368a8,USDC,USD Coin,transfer,transfer,0x065dc1c7f7d09d339abc0bfb2730e7c240b0e83c499e19acd9497182c961a3ee,755013,,,2024-09-27T18:02:36.000Z
93,FALSE,09/27/2024 18:02:36,,2284000000000000000000,STRK,Transaction,0x04270219d365d6b017231b52e92b3fb5d7c8378b05e9abc97724537a80e93b0f,Starknet Protocol,0x065dc1c7f7d09d339abc0bfb2730e7c240b0e83c499e19acd9497182c961a3ee,Starknet,0x035b6530ef09e227ca9f92efb66df12d0da9fface35ecd53b53a918c7d4eaa75,0x035b6530ef09e227ca9f92efb66df12d0da9fface35ecd53b53a918c7d4eaa75,0x04270219d365d6b017231b52e92b3fb5d7c8378b05e9abc97724537a80e93b0f,2284000000000000000000,0x04718f5a0fc34cc1af16a1cdee98ffb20c31f5cd61d6ab07201858f4287c938d,STRK,Starknet Token,transfer,transfer,0x065dc1c7f7d09d339abc0bfb2730e7c240b0e83c499e19acd9497182c961a3ee,755013,,,2024-09-27T18:02:36.000Z
94,FALSE,09/27/2024 18:01:33,,1139250642656,ETH,Transaction,0x01176a1bd84444c89232ec27754698e5d2e7e1a7f1539f12027f28b23ec9f3d8,Starknet Protocol,0x023ca5733e25abafc38ad8e269840ed2ebc6da9d498055452863abb5beceb64e,Starknet,0x035b6530ef09e227ca9f92efb66df12d0da9fface35ecd53b53a918c7d4eaa75,0x035b6530ef09e227ca9f92efb66df12d0da9fface35ecd53b53a918c7d4eaa75,0x01176a1bd84444c89232ec27754698e5d2e7e1a7f1539f12027f28b23ec9f3d8,1139250642656,0x049d36570d4e46f48e99674bd3fcc84644ddd6b96f7c741b1562b82f9e004dc7,ETH,Ether,transfer,transfer,0x023ca5733e25abafc38ad8e269840ed2ebc6da9d498055452863abb5beceb64e,755011,,,2024-09-27T18:01:33.000Z
95,FALSE,09/27/2024 18:01:33,1510915090270089123898,,STRK,Transaction,0x06c9efe5fe86c3bccd63b8bed6675452938bcf9a9cd86eecee712251973b4f74,Starknet Protocol,0x023ca5733e25abafc38ad8e269840ed2ebc6da9d498055452863abb5beceb64e,Starknet,0x035b6530ef09e227ca9f92efb66df12d0da9fface35ecd53b53a918c7d4eaa75,0x06c9efe5fe86c3bccd63b8bed6675452938bcf9a9cd86eecee712251973b4f74,0x035b6530ef09e227ca9f92efb66df12d0da9fface35ecd53b53a918c7d4eaa75,1510915090270089123898,0x04718f5a0fc34cc1af16a1cdee98ffb20c31f5cd61d6ab07201858f4287c938d,STRK,Starknet Token,transfer,transfer,0x023ca5733e25abafc38ad8e269840ed2ebc6da9d498055452863abb5beceb64e,755011,,,2024-09-27T18:01:33.000Z
96,FALSE,09/27/2024 18:01:33,773063383173223946035,,STRK,Transaction,0x034a800f61f2254495393705e577a6a4386e5666c2225def1908fe466177c7b9,Starknet Protocol,0x023ca5733e25abafc38ad8e269840ed2ebc6da9d498055452863abb5beceb64e,Starknet,0x035b6530ef09e227ca9f92efb66df12d0da9fface35ecd53b53a918c7d4eaa75,0x034a800f61f2254495393705e577a6a4386e5666c2225def1908fe466177c7b9,0x035b6530ef09e227ca9f92efb66df12d0da9fface35ecd53b53a918c7d4eaa75,773063383173223946035,0x04718f5a0fc34cc1af16a1cdee98ffb20c31f5cd61d6ab07201858f4287c938d,STRK,Starknet Token,transfer,transfer,0x023ca5733e25abafc38ad8e269840ed2ebc6da9d498055452863abb5beceb64e,755011,,,2024-09-27T18:01:33.000Z
97,FALSE,09/26/2024 20:38:20,,5414074892768,ETH,Transaction,0x01176a1bd84444c89232ec27754698e5d2e7e1a7f1539f12027f28b23ec9f3d8,Starknet Protocol,0x035e17e8cb5cb0ad2d253333204d0ed69cd4893886f04d31bc3b1aa7c48b777b,Starknet,0x035b6530ef09e227ca9f92efb66df12d0da9fface35ecd53b53a918c7d4eaa75,0x035b6530ef09e227ca9f92efb66df12d0da9fface35ecd53b53a918c7d4eaa75,0x01176a1bd84444c89232ec27754698e5d2e7e1a7f1539f12027f28b23ec9f3d8,5414074892768,0x049d36570d4e46f48e99674bd3fcc84644ddd6b96f7c741b1562b82f9e004dc7,ETH,Ether,transfer,transfer,0x035e17e8cb5cb0ad2d253333204d0ed69cd4893886f04d31bc3b1aa7c48b777b,752559,,,2024-09-26T20:38:20.000Z
98,FALSE,09/26/2024 20:38:20,4449358573,,iUSDC-c,Transaction,0x0000000000000000000000000000000000000000000000000000000000000000,Starknet Protocol,0x035e17e8cb5cb0ad2d253333204d0ed69cd4893886f04d31bc3b1aa7c48b777b,Starknet,0x035b6530ef09e227ca9f92efb66df12d0da9fface35ecd53b53a918c7d4eaa75,0x0000000000000000000000000000000000000000000000000000000000000000,0x035b6530ef09e227ca9f92efb66df12d0da9fface35ecd53b53a918c7d4eaa75,4449358573,0x05dcd26c25d9d8fd9fc860038dcb6e4d835e524eb8a85213a8cda5b7fff845f6,iUSDC-c,Nostra USDC Interest Collat.,transfer,transfer,0x035e17e8cb5cb0ad2d253333204d0ed69cd4893886f04d31bc3b1aa7c48b777b,752559,,,2024-09-26T20:38:20.000Z
99,FALSE,09/26/2024 20:38:20,,4644997010,USDC,Transaction,0x059a943ca214c10234b9a3b61c558ac20c005127d183b86a99a8f3c60a08b4ff,Starknet Protocol,0x035e17e8cb5cb0ad2d253333204d0ed69cd4893886f04d31bc3b1aa7c48b777b,Starknet,0x035b6530ef09e227ca9f92efb66df12d0da9fface35ecd53b53a918c7d4eaa75,0x035b6530ef09e227ca9f92efb66df12d0da9fface35ecd53b53a918c7d4eaa75,0x059a943ca214c10234b9a3b61c558ac20c005127d183b86a99a8f3c60a08b4ff,4644997010,0x053c91253bc9682c04929ca02ed00b3e423f6710d2ee7e0d5ebb06f3ecf368a8,USDC,USD Coin,transfer,transfer,0x035e17e8cb5cb0ad2d253333204d0ed69cd4893886f04d31bc3b1aa7c48b777b,752559,,,2024-09-26T20:38:20.000Z
100,FALSE,09/26/2024 20:37:49,,87036087884699,ETH,Transaction,0x01176a1bd84444c89232ec27754698e5d2e7e1a7f1539f12027f28b23ec9f3d8,Starknet Protocol,0x048c0020feb860f9c8dd1633f4c63dae6f1e8f4626005151c0996dfc3a54ade6,Starknet,0x035b6530ef09e227ca9f92efb66df12d0da9fface35ecd53b53a918c7d4eaa75,0x035b6530ef09e227ca9f92efb66df12d0da9fface35ecd53b53a918c7d4eaa75,0x01176a1bd84444c89232ec27754698e5d2e7e1a7f1539f12027f28b23ec9f3d8,87036087884699,0x049d36570d4e46f48e99674bd3fcc84644ddd6b96f7c741b1562b82f9e004dc7,ETH,Ether,transfer,transfer,0x048c0020feb860f9c8dd1633f4c63dae6f1e8f4626005151c0996dfc3a54ade6,752558,,,2024-09-26T20:37:49.000Z
